{"cameraMode":{"drawMode":0,"name":"Shaded","section":"Shading Mode"},"sceneLighting":true,"audioPlay":false,"sceneViewState":{"showFog":true,"showMaterialUpdate":false,"showSkybox":true,"showFlares":true,"showImageEffects":true,"showParticleSystems":true},"in2DMode":false,"pivot":{"x":-52.33134460449219,"y":-20.500782012939454,"z":-1.7542059421539307},"rotation":{"x":-0.111200712621212,"y":0.7003582715988159,"z":-0.11187341809272766,"w":-0.6961533427238464},"size":99.544921875,"orthographic":false}