{"cameraMode":{"drawMode":0,"name":"Shaded","section":"Shading Mode"},"sceneLighting":true,"audioPlay":false,"sceneViewState":{"showFog":true,"showMaterialUpdate":false,"showSkybox":true,"showFlares":true,"showImageEffects":true,"showParticleSystems":true},"in2DMode":false,"pivot":{"x":25.298999786376954,"y":3.6999998092651369,"z":-0.03399999439716339},"rotation":{"x":-0.18027393519878388,"y":0.6828001737594605,"z":-0.17974014580249787,"w":-0.6848373413085938},"size":3.7803022861480715,"orthographic":false}