{"cameraMode":{"drawMode":0,"name":"Shaded","section":"Shading Mode"},"sceneLighting":false,"audioPlay":false,"sceneViewState":{"showFog":true,"showMaterialUpdate":false,"showSkybox":true,"showFlares":true,"showImageEffects":true,"showParticleSystems":true},"in2DMode":false,"pivot":{"x":-50.0,"y":-0.3999999761581421,"z":2.1000001430511476},"rotation":{"x":-0.030307788401842119,"y":0.5498383045196533,"z":-0.019982676953077318,"w":-0.834494948387146},"size":229.56527709960938,"orthographic":false}