{"cameraMode":{"drawMode":0,"name":"Shaded","section":"Shading Mode"},"sceneLighting":false,"audioPlay":false,"sceneViewState":{"showFog":true,"showMaterialUpdate":false,"showSkybox":true,"showFlares":true,"showImageEffects":true,"showParticleSystems":true},"in2DMode":false,"pivot":{"x":-21.470001220703126,"y":0.4700000286102295,"z":-2.0799994468688967},"rotation":{"x":-0.0893709734082222,"y":0.699155867099762,"z":-0.08878294378519058,"w":-0.7037869095802307},"size":46.87685012817383,"orthographic":false}