{"cameraMode":{"drawMode":0,"name":"Shaded","section":"Shading Mode"},"sceneLighting":true,"audioPlay":false,"sceneViewState":{"showFog":true,"showMaterialUpdate":false,"showSkybox":true,"showFlares":true,"showImageEffects":true,"showParticleSystems":true},"in2DMode":false,"pivot":{"x":0.1478404998779297,"y":5.549746036529541,"z":-0.07607604563236237},"rotation":{"x":-0.0893709734082222,"y":0.699155867099762,"z":-0.08878294378519058,"w":-0.7037869095802307},"size":11.984138488769532,"orthographic":false}